<?xml version="1.0" encoding="UTF-8" standalone="yes"?>
<addon id="plugin.video.documentaleson" name="[COLOR lightgreen][B]DocumentalesON[/B][/COLOR]" version="0.0.1" provider-name="Bad-Max para Kodi 18-19">
  <requires>
   <import addon="script.module.six" />
   <import addon="script.module.requests"/> 
  </requires>
  <extension point="xbmc.python.pluginsource" library="default.py">
        <provides>video</provides>
  </extension>
  <extension point="xbmc.addon.metadata">
    <summary lang="es">Todo el contenido de DocumentalesON.com</summary>
    <description>[COLOR red]Documentales, conferencias y vídeos divulgativos de libre distribución.[/COLOR][CR][CR]-Los videos de esta web están alojados en YouTube, por lo que para verlos habrá que tener:[CR]-El addon [COLOR red]YouTube[/COLOR] de [COLOR blue]Bromix[/COLOR].[CR]-O bien el addon [COLOR red]Duff You[/COLOR] de [COLOR blue]La Taberna[/COLOR].[CR][CR]*En Ajustes de este Addon se puede elegir entre los dos anteriores para usar por defecto con los videos.</description>
    <platform>all</platform>
    <assets>
        <icon>icon.png</icon>
        <fanart>fanart.jpg</fanart>
    </assets>
  </extension>
</addon>
